,ROI,Mean_CV
0,3rd_ventricle,0.016073144292808997
1,4th_ventricle,0.028252640937460324
2,brain_stem,0.010599909918264186
3,csf,0.016410956169961886
4,intracranial_without_tissue,0.007918130272407549
5,left_cerebral_white_matter,0.0031008116658003933
6,right_cerebral_white_matter,0.0034068600167499108
7,sort_key,0.0
8,total_intracranial_volume,0.002001085768040461
9,unknown,0.0001920015418410783
