,ROI,Mean_CV
0,3rd_ventricle,0.016068622537238113
1,4th_ventricle,0.020255770504080024
2,brain_stem,0.007497115771505086
3,csf,0.015614939448941979
4,intracranial_without_tissue,0.008705928111131724
5,left_cerebral_white_matter,0.002381167784649322
6,right_cerebral_white_matter,0.0025186611303526624
7,sort_key,0.0
8,total_intracranial_volume,0.0011842525017021854
9,unknown,0.00011580162280878681
